Time,BG,CGM,CHO,insulin,LBGI,HBGI,Risk
2023-04-15 02:36:04.003377,141.9488112852138,165.06200971221375,0.0,0.021525000000000002,0.0,1.8827472909439278,1.8827472909439278
2023-04-15 02:39:04.003377,135.46976433004522,159.90341680921568,0.0,0.021525000000000002,0.0,1.200797295130782,1.200797295130782
2023-04-15 02:42:04.003377,118.59781845579066,145.2562433016322,0.0,0.021525000000000002,0.0,0.0962908290899962,0.0962908290899962
2023-04-15 02:45:04.003377,102.36229641690198,127.426961074471,0.0,0.021525000000000002,0.31021005423471454,0.0,0.31021005423471454
2023-04-15 02:48:04.003377,89.45293414590574,112.61368522786555,0.0,0.021525000000000002,1.8200156057095396,0.0,1.8200156057095396
2023-04-15 02:51:04.003377,79.71662148203946,101.5005847673058,0.0,0.021525000000000002,4.099065992644828,0.0,4.099065992644828
2023-04-15 02:54:04.003377,72.5418413755203,93.73187981499288,0.0,0.021525000000000002,6.637856679834777,0.0,6.637856679834777
2023-04-15 02:57:04.003377,67.35123708577716,88.86914928811106,0.0,0.021525000000000002,9.060358689855816,0.0,9.060358689855816
2023-04-15 03:00:04.003377,63.67963410469259,86.57041505822475,0.0,0.021525000000000002,11.135813728250206,0.0,11.135813728250206
2023-04-15 03:03:04.003377,61.16673502314566,86.58721806987087,0.0,0.021525000000000002,12.756785075074227,0.0,12.756785075074227
2023-04-15 03:06:04.003377,59.536553471278964,88.66760776052779,0.0,0.021525000000000002,13.905275816464053,0.0,13.905275816464053
2023-04-15 03:09:04.003377,58.57836594488216,92.48878999026263,0.0,0.021525000000000002,14.618573357652135,0.0,14.618573357652135
2023-04-15 03:12:04.003377,58.13143158145381,97.75126457837294,0.0,0.021525000000000002,14.961395208485811,0.0,14.961395208485811
2023-04-15 03:15:04.003377,58.07317109933548,104.19750435961095,0.0,0.021525000000000002,15.006568192811113,0.0,15.006568192811113
2023-04-15 03:18:04.003377,58.31011497402925,111.54194974875847,0.0,0.021525000000000002,14.823550025333503,0.0,14.823550025333503
2023-04-15 03:21:04.003377,58.770992755658355,119.16311854096179,0.0,0.021525000000000002,14.472824631958268,0.0,14.472824631958268
2023-04-15 03:24:04.003377,59.401461693299055,125.91763299547634,0.0,0.021525000000000002,14.004083422761184,0.0,14.004083422761184
2023-04-15 03:27:04.003377,60.16008686467405,130.55620183160164,0.0,0.021525000000000002,13.456526555529493,0.0,13.456526555529493
2023-04-15 03:30:04.003377,61.015275945902694,131.84036329350963,0.0,0.021525000000000002,12.860155955317376,0.0,12.860155955317376
2023-04-15 03:33:04.003377,61.94294199078841,128.72420995408442,0.0,0.021525000000000002,12.237386107676347,0.0,12.237386107676347
2023-04-15 03:36:04.003377,62.924721345883455,121.27391002986153,0.0,0.021525000000000002,11.604616996167984,0.0,11.604616996167984
2023-04-15 03:39:04.003377,63.946614864300514,111.2191015875012,0.0,0.021525000000000002,10.973610956627715,0.0,10.973610956627715
2023-04-15 03:42:04.003377,64.99795188388427,100.66167760402314,0.0,0.021525000000000002,10.352625705631233,0.0,10.352625705631233
2023-04-15 03:45:04.003377,66.07060030764869,91.70632395291955,0.0,0.021525000000000002,9.74731110569323,0.0,9.74731110569323
2023-04-15 03:48:04.003377,67.15836432896278,86.25955631820464,0.0,0.021525000000000002,9.161400585266538,0.0,9.161400585266538
2023-04-15 03:51:04.003377,68.25652522620463,85.02771295081739,0.0,0.021525000000000002,8.597234515038636,0.0,8.597234515038636
2023-04-15 03:54:04.003377,69.36149123769333,86.91566823858878,0.0,0.021525000000000002,8.056151110504572,0.0,8.056151110504572
2023-04-15 03:57:04.003377,70.47053060022884,90.42864173245238,0.0,0.021525000000000002,7.538775455688651,0.0,7.538775455688651
2023-04-15 04:00:04.003377,71.58156799030311,94.07257496373242,0.0,0.021525000000000002,7.045231506118438,0.0,7.045231506118438
2023-04-15 04:03:04.003377,72.69302930107226,96.47264084472312,0.0,0.021525000000000002,6.575296569309766,0.0,6.575296569309766
2023-04-15 04:06:04.003377,73.8037232675435,96.96651436031165,0.0,0.021525000000000002,6.1285132060798215,0.0,6.1285132060798215
2023-04-15 04:09:04.003377,74.91275118177532,95.960313797384,0.0,0.021525000000000002,5.70426982420214,0.0,5.70426982420214
2023-04-15 04:12:04.003377,76.01943802103156,94.09776367650902,0.0,0.021525000000000002,5.3018583713175085,0.0,5.3018583713175085
2023-04-15 04:15:04.003377,77.1232798986747,92.02277657546031,0.0,0.021525000000000002,4.920515346842739,0.0,4.920515346842739
2023-04-15 04:18:04.003377,78.22390395749598,90.3361452136099,0.0,0.021525000000000002,4.559450707167984,0.0,4.559450707167984
2023-04-15 04:21:04.003377,79.32103774766185,89.37918976136869,0.0,0.021525000000000002,4.21786801332176,0.0,4.21786801332176
2023-04-15 04:24:04.003377,80.41448583476394,89.10394071151931,0.0,0.021525000000000002,3.894978264898521,0.0,3.894978264898521
2023-04-15 04:27:04.003377,81.50411191964032,89.37596584521283,0.0,0.021525000000000002,3.5900091985488642,0.0,3.5900091985488642
2023-04-15 04:30:04.003377,82.58982516038422,90.06088280693977,0.0,0.021525000000000002,3.3022113421155304,0.0,3.3022113421155304
2023-04-15 04:33:04.003377,83.67156969853765,91.02852940533091,0.0,0.021525000000000002,3.0308617598584666,0.0,3.0308617598584666
2023-04-15 04:36:04.003377,84.74931662896746,92.17386382757675,0.0,0.021525000000000002,2.77526616520675,0.0,2.77526616520675
2023-04-15 04:39:04.003377,85.82305783393676,93.4295032920549,0.0,0.021525000000000002,2.5347598891831558,0.0,2.5347598891831558
2023-04-15 04:42:04.003377,86.89280123983905,94.73644620302562,0.0,0.021525000000000002,2.3087080559642197,0.0,2.3087080559642197
2023-04-15 04:45:04.003377,87.95856716019033,96.03570453125693,0.0,0.021525000000000002,2.0965052179461554,0.0,2.0965052179461554
2023-04-15 04:48:04.003377,89.02038546857692,97.26830071966693,0.0,0.021525000000000002,1.8975746309334776,0.0,1.8975746309334776
2023-04-15 04:51:04.003377,90.07829340628602,98.37526528651429,0.0,0.021525000000000002,1.711367298174638,0.0,1.711367298174638
2023-04-15 04:54:04.003377,91.13233387583742,99.29763496238832,0.0,0.021525000000000002,1.5373608744885265,0.0,1.5373608744885265
2023-04-15 04:57:04.003377,92.18255410704606,99.97645123622866,0.0,0.021525000000000002,1.375058494699044,0.0,1.375058494699044
2023-04-15 05:00:04.003377,93.22900460921481,100.35275921529207,0.0,0.021525000000000002,1.2239875711396815,0.0,1.2239875711396815
2023-04-15 05:03:04.003377,94.27173834359357,101.80001190286202,0.0,0.021525000000000002,1.0836985910194148,0.0,1.0836985910194148
2023-04-15 05:06:04.003377,95.31081006587644,105.73981084247959,0.0,0.021525000000000002,0.9537639344374258,0.0,0.9537639344374258
2023-04-15 05:09:04.003377,96.34627580041254,109.35660958057494,0.0,0.021525000000000002,0.8337767266963912,0.0,0.8337767266963912
2023-04-15 05:12:04.003377,97.37819241686623,112.62721905258243,0.0,0.021525000000000002,0.7233497334973042,0.0,0.7233497334973042
2023-04-15 05:15:04.003377,98.40661728695837,115.52845080748676,0.0,0.021525000000000002,0.6221143040230879,0.0,0.6221143040230879
2023-04-15 05:18:04.003377,99.43160800416854,118.0371167071627,0.0,0.021525000000000002,0.5297193644168761,0.0,0.5297193644168761
2023-04-15 05:21:04.003377,100.45322215327181,120.1300286797792,0.0,0.021525000000000002,0.44583046243059865,0.0,0.44583046243059865
2023-04-15 05:24:04.003377,101.471517119623,121.78399851620247,0.0,0.021525000000000002,0.37012886284119245,0.0,0.37012886284119245
2023-04-15 05:27:04.003377,102.486549930415,122.97583770087991,0.0,0.021525000000000002,0.30231069244769165,0.0,0.30231069244769165
2023-04-15 05:30:04.003377,103.49837712189904,123.68235727062597,0.0,0.021525000000000002,0.24208613295870568,0.0,0.24208613295870568
2023-04-15 05:33:04.003377,104.50705462789648,123.89424764201925,0.0,0.021525000000000002,0.18917865977324502,0.0,0.18917865977324502
2023-04-15 05:36:04.003377,105.51263768595388,123.68547824086991,0.0,0.021525000000000002,0.1433243244903216,0.0,0.1433243244903216
2023-04-15 05:39:04.003377,106.51518075827386,123.25493725576622,0.0,0.021525000000000002,0.10427107891132617,0.0,0.10427107891132617
2023-04-15 05:42:04.003377,107.51473746514992,122.82927194674014,0.0,0.021525000000000002,0.0717781382934426,0.0,0.0717781382934426
2023-04-15 05:45:04.003377,108.51136052908925,122.63512869426992,0.0,0.021525000000000002,0.04561538165075464,0.0,0.04561538165075464
2023-04-15 05:48:04.003377,109.5051017281588,122.87331876969222,0.0,0.021525000000000002,0.02556278696678989,0.0,0.02556278696678989
2023-04-15 05:51:04.003377,110.49601185735769,123.5896473943773,0.0,0.021525000000000002,0.011409899267234342,0.0,0.011409899267234342
2023-04-15 05:54:04.003377,111.48414069702889,124.59741116609118,0.0,0.021525000000000002,0.0029553295965765976,0.0,0.0029553295965765976
2023-04-15 05:57:04.003377,112.46953698748432,125.65823729097178,0.0,0.021525000000000002,6.283042603677933e-06,0.0,6.283042603677933e-06
2023-04-15 06:00:04.003377,113.4522484091438,126.53375192168176,0.0,0.021525000000000002,0.0,0.002378114053971612,0.002378114053971612
2023-04-15 06:03:04.003377,114.43232156758894,127.02188630187604,0.0,0.021525000000000002,0.0,0.009893907396294532,0.009893907396294532
2023-04-15 06:06:04.003377,115.4098019830117,127.13840755935405,0.0,0.021525000000000002,0.0,0.022384083189711926,0.022384083189711926
2023-04-15 06:09:04.003377,116.38473408360232,127.22583718124073,0.0,0.021525000000000002,0.0,0.03968602456464198,0.03968602456464198
2023-04-15 06:12:04.003377,117.35716120247184,127.69930788253689,0.0,0.021525000000000002,0.0,0.06164372656190038,0.06164372656190038
2023-04-15 06:15:04.003377,118.3271255777492,128.9739512831115,0.0,0.021525000000000002,0.0,0.08810746498821914,0.08810746498821914
2023-04-15 06:18:04.003377,119.2946683555272,131.40177446209674,0.0,0.021525000000000002,0.0,0.1189334840183179,0.1189334840183179
2023-04-15 06:21:04.003377,120.25982959536361,134.95604272448125,0.0,0.021525000000000002,0.0,0.15398370141021703,0.15398370141021703
2023-04-15 06:24:04.003377,121.22264827806885,139.04190926530507,0.0,0.021525000000000002,0.0,0.1931254302713239,0.1931254302713239
2023-04-15 06:27:04.003377,122.1831623155354,142.93827931211166,0.0,0.021525000000000002,0.0,0.2362311163794114,0.2362311163794114
2023-04-15 06:30:04.003377,123.1414085623843,145.9240570312237,0.0,0.021525000000000002,0.0,0.28317809012502465,0.28317809012502465
2023-04-15 06:33:04.003377,124.09742282922193,147.35620367588962,0.0,0.021525000000000002,0.0,0.3338483322000556,0.3338483322000556
2023-04-15 06:36:04.003377,125.05123989731744,147.06002827758823,0.0,0.021525000000000002,0.0,0.38812825221216707,0.38812825221216707
2023-04-15 06:39:04.003377,126.00289353452524,145.5633620677994,0.0,0.021525000000000002,0.0,0.44590847945573214,0.44590847945573214
2023-04-15 06:42:04.003377,126.95241651229168,143.55015154672353,0.0,0.021525000000000002,0.0,0.5070836651178333,0.5070836651178333
2023-04-15 06:45:04.003377,127.89984062359713,141.70434223007976,0.0,0.021525000000000002,0.0,0.5715522952427664,0.5715522952427664
2023-04-15 06:48:04.003377,128.84519670169672,140.64868360659338,0.0,0.021525000000000002,0.0,0.6392165138203529,0.6392165138203529
2023-04-15 06:51:04.003377,129.78851463953356,140.63875385222846,0.0,0.021525000000000002,0.0,0.7099819554025621,0.7099819554025621
2023-04-15 06:54:04.003377,130.72982340970924,141.37937466699998,0.0,0.021525000000000002,0.0,0.7837575866897416,0.7837575866897416
2023-04-15 06:57:04.003377,131.66915108490483,142.45297672219453,0.0,0.021525000000000002,0.0,0.860455556562061,0.860455556562061
2023-04-15 07:00:04.003377,132.60652485865572,143.44198980301496,0.0,0.021525000000000002,0.0,0.9399910540640035,0.9399910540640035
2023-04-15 07:03:04.003377,133.54197106639063,143.95720185685525,0.0,0.021525000000000002,0.0,1.0222821738797856,1.0222821738797856
2023-04-15 07:06:04.003377,134.47551520665422,143.77955415106834,0.0,0.021525000000000002,0.0,1.1072497888660449,1.1072497888660449
2023-04-15 07:09:04.003377,135.40718196243864,142.9452183762259,0.0,0.021525000000000002,0.0,1.1948174292340972,1.1948174292340972
2023-04-15 07:12:04.003377,136.33699522255768,141.54708347623628,0.0,0.021525000000000002,0.0,1.2849111679995247,1.2849111679995247
2023-04-15 07:15:04.003377,137.26497810300143,139.67803761506667,0.0,0.021525000000000002,0.0,1.3774595123394002,1.3774595123394002
2023-04-15 07:18:04.003377,138.191152968218,137.43096819805112,0.0,0.021525000000000002,0.0,1.4723933005195746,1.4723933005195746
2023-04-15 07:21:04.003377,139.11554145227112,134.89876189309138,0.0,0.021525000000000002,0.0,1.5696456040748483,1.5696456040748483
2023-04-15 07:24:04.003377,140.0381644798307,132.17430465170483,0.0,0.021525000000000002,0.0,1.6691516349438533,1.6691516349438533
2023-04-15 07:27:04.003377,140.95904228695574,129.35048172987794,0.0,0.021525000000000002,0.0,1.7708486572782403,1.7708486572782403
2023-04-15 07:30:04.003377,141.87819444163458,126.52017770868878,0.0,0.021525000000000002,0.0,1.8746759036631486,1.8746759036631486
2023-04-15 07:33:04.003377,142.79563986405174,125.14940114721036,0.0,0.021525000000000002,0.0,1.9805744955009281,1.9805744955009281
2023-04-15 07:36:04.003377,143.71139684655316,126.95874861615064,0.0,0.021525000000000002,0.0,2.088487367325613,2.088487367325613
2023-04-15 07:39:04.003377,144.625483073287,129.6820314777509,0.0,0.021525000000000002,0.0,2.1983591948288255,2.1983591948288255
2023-04-15 07:42:04.003377,145.53791563949824,133.04613378734456,0.0,0.021525000000000002,0.0,2.3101363263914867,2.3101363263914867
2023-04-15 07:45:04.003377,146.44871107045998,136.77793902399628,0.0,0.021525000000000002,0.0,2.4237667179274305,2.4237667179274305
2023-04-15 07:48:04.003377,147.3578853400267,140.6043301091818,0.0,0.021525000000000002,0.0,2.5391998708565424,2.5391998708565424
2023-04-15 07:51:04.003377,148.26545388879623,144.25218942508056,0.0,0.021525000000000002,0.0,2.656386773036278,2.656386773036278
2023-04-15 07:54:04.003377,149.17143164187107,147.44839883247113,0.0,0.021525000000000002,0.0,2.7752798424896366,2.7752798424896366
2023-04-15 07:57:04.003377,150.0758330262105,149.9198396882201,0.0,0.021525000000000002,0.0,2.8958328737781915,2.8958328737781915
2023-04-15 08:00:04.003377,150.9786719875674,151.3933928623574,0.0,0.021525000000000002,0.0,3.018000986876688,3.018000986876688
2023-04-15 08:03:04.003377,151.8799620070058,151.65738365396325,0.0,0.021525000000000002,0.0,3.1417405784149026,3.1417405784149026
2023-04-15 08:06:04.003377,152.77971611699556,150.86880630355182,0.0,0.021525000000000002,0.0,3.2670092751596713,3.2670092751596713
2023-04-15 08:09:04.003377,153.6779469170838,149.73765870657223,0.0,0.021525000000000002,0.0,3.393765889617915,3.393765889617915
2023-04-15 08:12:04.003377,154.57466658914183,149.09682813419028,0.0,0.021525000000000002,0.0,3.521970377647828,3.521970377647828
2023-04-15 08:15:04.003377,155.46988691219008,149.77920144979495,0.0,0.021525000000000002,0.0,3.6515837979725063,3.6515837979725063
2023-04-15 08:18:04.003377,156.3636192768018,152.50358974504354,0.0,0.021525000000000002,0.0,3.7825682734960204,3.7825682734960204
2023-04-15 08:21:04.003377,157.2558746990898,157.30435146149335,0.0,0.021525000000000002,0.0,3.9148869543275913,3.9148869543275913
2023-04-15 08:24:04.003377,158.146663834279,163.18916626881594,0.0,0.021525000000000002,0.0,4.048503982425409,4.048503982425409
2023-04-15 08:27:04.003377,159.0359969898709,168.93756272758867,0.0,0.021525000000000002,0.0,4.183384457776336,4.183384457776336
2023-04-15 08:30:04.003377,159.92388413840393,173.32906905918742,0.0,0.021525000000000002,0.0,4.319494406032251,4.319494406032251
2023-04-15 08:33:04.003377,160.81033492981635,175.27215292340819,0.0,0.021525000000000002,0.0,4.456800747529094,4.456800747529094
2023-04-15 08:36:04.003377,161.69535870341792,174.44892025620183,0.0,0.021525000000000002,0.0,4.595271267618035,4.595271267618035
2023-04-15 08:39:04.003377,162.57896449947762,171.70193457676908,0.0,0.021525000000000002,0.0,4.73487458824252,4.73487458824252
2023-04-15 08:42:04.003377,163.46116107043366,168.13163864301026,0.0,0.021525000000000002,0.0,4.875580140698992,4.875580140698992
2023-04-15 08:45:04.003377,164.34195689173413,164.83847493223578,0.0,0.021525000000000002,0.0,5.017358139521603,5.017358139521603
2023-04-15 08:48:04.003377,165.2213601723161,162.828226880673,0.0,0.021525000000000002,0.0,5.160179557435837,5.160179557435837
2023-04-15 08:51:04.003377,166.09937886473077,162.53872503824692,0.0,0.021525000000000002,0.0,5.304016101328125,5.304016101328125
2023-04-15 08:54:04.003377,166.97602067492292,163.55587076519728,0.0,0.021525000000000002,0.0,5.448840189181528,5.448840189181528
2023-04-15 08:57:04.003377,167.8512930716733,165.27624763928014,0.0,0.021525000000000002,0.0,5.59462492793069,5.59462492793069
2023-04-15 09:00:04.003377,168.72520329571202,167.09643900717518,0.0,0.021525000000000002,0.0,5.7413440921919445,5.7413440921919445
2023-04-15 09:03:04.003377,169.59775836851145,168.46852523327357,0.0,0.021525000000000002,0.0,5.888972103825855,5.888972103825855
2023-04-15 09:06:04.003377,170.46896510076743,169.17756990770442,0.0,0.021525000000000002,0.0,6.037484012293264,6.037484012293264
2023-04-15 09:09:04.003377,171.33883010057676,169.50811157427816,0.0,0.021525000000000002,0.0,6.186855475766915,6.186855475766915
2023-04-15 09:12:04.003377,172.20735978131987,169.8556830592488,0.0,0.021525000000000002,0.0,6.337062742963189,6.337062742963189
2023-04-15 09:15:04.003377,173.07456036925691,170.61581699922874,0.0,0.021525000000000002,0.0,6.4880826356603745,6.4880826356603745
2023-04-15 09:18:04.003377,173.94043791084587,172.14880893802442,0.0,0.021525000000000002,0.0,6.639892531871817,6.639892531871817
2023-04-15 09:21:04.003377,174.80499827979025,174.6035327809011,0.0,0.021525000000000002,0.0,6.792470349643386,6.792470349643386
2023-04-15 09:24:04.003377,175.6682471838257,177.81173006973233,0.0,0.021525000000000002,0.0,6.9457945314475875,6.9457945314475875
2023-04-15 09:27:04.003377,176.5301901712527,181.53466836363893,0.0,0.021525000000000002,0.0,7.0998440291462845,7.0998440291462845
2023-04-15 09:30:04.003377,177.3908326372235,185.5336150665071,0.0,0.021525000000000002,0.0,7.254598289497295,7.254598289497295
2023-04-15 09:33:04.003377,178.25017982979148,189.57610995235572,0.0,0.021525000000000002,0.0,7.410037240180296,7.410037240180296
2023-04-15 09:36:04.003377,179.10823685573024,193.46732776742772,0.0,0.021525000000000002,0.0,7.566141276318641,7.566141276318641
2023-04-15 09:39:04.003377,179.9650034732902,197.06889056162555,80.0,0.021525000000000002,0.0,7.722890291123105,7.722890291123105
2023-04-15 09:42:04.003377,180.8202902611952,200.2548711714017,0.0,9.263191666666668,0.0,7.880229727234582,7.880229727234582
2023-04-15 09:45:04.003377,181.681490158072,202.9045712389336,0.0,0.021525000000000002,0.0,8.039510791564265,8.039510791564265
2023-04-15 09:48:04.003377,182.596468293704,204.9231421228396,0.0,0.021525000000000002,0.0,8.209659871401563,8.209659871401563
2023-04-15 09:51:04.003377,183.60671001133932,206.23246010982422,0.0,0.021525000000000002,0.0,8.398605805265477,8.398605805265477
2023-04-15 09:54:04.003377,184.68896101188207,206.7070820783428,0.0,0.021525000000000002,0.0,8.602252931323664,8.602252931323664
2023-04-15 09:57:04.003377,185.7885485236459,206.1747991910571,0.0,0.021525000000000002,0.0,8.810439994703355,8.810439994703355
2023-04-15 10:00:04.003377,186.84978853027621,204.45344011437578,0.0,0.021525000000000002,0.0,9.012560603450614,9.012560603450614
2023-04-15 10:03:04.003377,187.8254495965137,203.22282814405617,0.0,0.021525000000000002,0.0,9.199394416418091,9.199394416418091
2023-04-15 10:06:04.003377,188.678539676675,204.51176219051644,0.0,0.021525000000000002,0.0,9.363535367395176,9.363535367395176
2023-04-15 10:09:04.003377,189.38184177081695,205.1794661706943,0.0,0.021525000000000002,0.0,9.499392857339204,9.499392857339204
2023-04-15 10:12:04.003377,189.91676415074164,205.22625843327097,0.0,0.021525000000000002,0.0,9.603044445424485,9.603044445424485
2023-04-15 10:15:04.003377,190.2720263509813,204.66021090621652,0.0,0.021525000000000002,0.0,9.672034560566583,9.672034560566583
2023-04-15 10:18:04.003377,190.44238654324207,203.49585606066478,0.0,0.021525000000000002,0.0,9.705160133081208,9.705160133081208
2023-04-15 10:21:04.003377,190.4274927259359,201.75299417793963,0.0,0.021525000000000002,0.0,9.70226302006772,9.70226302006772
2023-04-15 10:24:04.003377,190.23088363600982,199.45564363453514,0.0,0.021525000000000002,0.0,9.664038713021712,9.664038713021712
2023-04-15 10:27:04.003377,189.85913885804712,196.63114118085554,0.0,0.021525000000000002,0.0,9.591865241683516,9.591865241683516
2023-04-15 10:30:04.003377,189.32148780846524,193.309630940676,0.0,0.021525000000000002,0.0,9.487715394340068,9.487715394340068
2023-04-15 10:33:04.003377,188.62413685747947,189.53340041724823,0.0,0.021525000000000002,0.0,9.353046431647451,9.353046431647451
2023-04-15 10:36:04.003377,187.7490775333434,185.41163054505316,0.0,0.021525000000000002,0.0,9.184735071076274,9.184735071076274
2023-04-15 10:39:04.003377,186.67916682553542,181.16409200396737,0.0,0.021525000000000002,0.0,8.979986476962457,8.979986476962457
2023-04-15 10:42:04.003377,185.41369044393437,177.0511898606203,0.0,0.021525000000000002,0.0,8.739324509873363,8.739324509873363
2023-04-15 10:45:04.003377,183.96355590756912,173.3468770122316,0.0,0.021525000000000002,0.0,8.465613856691242,8.465613856691242
2023-04-15 10:48:04.003377,182.3462116011806,170.30497466507234,0.0,0.021525000000000002,0.0,8.163028875192582,8.163028875192582
2023-04-15 10:51:04.003377,180.5815110113048,168.01269373014924,0.0,0.021525000000000002,0.0,7.836217966305707,7.836217966305707
2023-04-15 10:54:04.003377,178.6896314961954,166.30270443380704,0.0,0.021525000000000002,0.0,7.4898743777306995,7.4898743777306995
2023-04-15 10:57:04.003377,176.69009024752359,164.95053520163188,0.0,0.021525000000000002,0.0,7.12852573416853,7.12852573416853
2023-04-15 11:00:04.003377,174.60129186856327,163.73073484606442,0.0,0.021525000000000002,0.0,6.756431277216369,6.756431277216369
2023-04-15 11:03:04.003377,172.44034441901397,162.43650137945448,0.0,0.021525000000000002,0.0,6.377534645070155,6.377534645070155
2023-04-15 11:06:04.003377,170.22301348246856,160.9790620948972,0.0,0.021525000000000002,0.0,5.995446025743044,5.995446025743044
2023-04-15 11:09:04.003377,167.96374660517478,159.44735742728582,0.0,0.021525000000000002,0.0,5.613439946424058,5.613439946424058
2023-04-15 11:12:04.003377,165.67573206107656,157.9688348415682,0.0,0.021525000000000002,0.0,5.234461293729765,5.234461293729765
2023-04-15 11:15:04.003377,163.3709725440782,156.66973116767326,0.0,0.021525000000000002,0.0,4.861135537772972,4.861135537772972
2023-04-15 11:18:04.003377,161.06036342191976,155.66568003283965,0.0,0.021525000000000002,0.0,4.4957809894497345,4.4957809894497345
2023-04-15 11:21:04.003377,158.75377017082562,155.01444146678742,0.0,0.021525000000000002,0.0,4.140421956176694,4.140421956176694
2023-04-15 11:24:04.003377,156.46010237336657,154.68756816157568,0.0,0.021525000000000002,0.0,3.7968022399952557,3.7968022399952557
2023-04-15 11:27:04.003377,154.18738318131435,154.63676408305594,0.0,0.021525000000000002,0.0,3.466398740460574,3.466398740460574
2023-04-15 11:30:04.003377,151.94281396046097,154.81289004402424,0.0,0.021525000000000002,0.0,3.150435093330846,3.150435093330846
2023-04-15 11:33:04.003377,149.73283425026898,155.15498880891877,0.0,0.021525000000000002,0.0,2.849895357993949,2.849895357993949
2023-04-15 11:36:04.003377,147.56317736255778,155.5351600822979,0.0,0.021525000000000002,0.0,2.565537798678638,2.565537798678638
2023-04-15 11:39:04.003377,145.43892201116293,155.7255042159497,0.0,0.021525000000000002,0.0,2.297908808526107,2.297908808526107
2023-04-15 11:42:04.003377,143.364540367002,155.4754263120861,0.0,0.021525000000000002,0.0,2.047357014442856,2.047357014442856
2023-04-15 11:45:04.003377,141.343942903722,154.53375494560052,0.0,0.021525000000000002,0.0,1.814047581991685,1.814047581991685
2023-04-15 11:48:04.003377,139.3805203569733,152.6821360276799,0.0,0.021525000000000002,0.0,1.597976717972189,1.597976717972189
2023-04-15 11:51:04.003377,137.47718307563358,149.9018277870149,0.0,0.021525000000000002,0.0,1.398986346512252,1.398986346512252
2023-04-15 11:54:04.003377,135.63639800125435,146.47379139368158,0.0,0.021525000000000002,0.0,1.2167789140479495,1.2167789140479495
2023-04-15 11:57:04.003377,133.86022347499946,142.7452698036386,0.0,0.021525000000000002,0.0,1.0509322604567626,1.0509322604567626
2023-04-15 12:00:04.003377,132.15034204015376,139.0631193148376,0.0,0.021525000000000002,0.0,0.9009144783843414,0.9009144783843414
2023-04-15 12:03:04.003377,130.50809138279848,135.74689385898728,0.0,0.021525000000000002,0.0,0.7660986707725375,0.7660986707725375
2023-04-15 12:06:04.003377,128.93449353294025,132.95413845668668,0.0,0.021525000000000002,0.0,0.6457775079063592,0.6457775079063592
2023-04-15 12:09:04.003377,127.43028243285215,130.59957553328934,0.0,0.021525000000000002,0.0,0.5391774800108264,0.5391774800108264
2023-04-15 12:12:04.003377,125.99592996716163,128.54376230816024,0.0,0.021525000000000002,0.0,0.44547273943458365,0.44547273943458365
2023-04-15 12:15:04.003377,124.63167054110949,126.64701038225698,0.0,0.021525000000000002,0.0,0.3637984277462869,0.3637984277462869
2023-04-15 12:18:04.003377,123.33752428736668,124.76940939913274,0.0,0.021525000000000002,0.0,0.2932633873240086,0.2932633873240086
2023-04-15 12:21:04.003377,122.11331897852429,122.77084938602951,0.0,0.021525000000000002,0.0,0.2329621640668983,0.2329621640668983
2023-04-15 12:24:04.003377,120.9587107211799,120.51104185130382,0.0,0.021525000000000002,0.0,0.18198621734652795,0.18198621734652795
2023-04-15 12:27:04.003377,119.87320350840963,117.84953971461016,0.0,0.021525000000000002,0.0,0.1394342648796908,0.1394342648796908
2023-04-15 12:30:04.003377,118.85616771036706,114.64575614852318,0.0,0.021525000000000002,0.0,0.10442170343163903,0.10442170343163903
2023-04-15 12:33:04.003377,117.9068575879815,112.43441700006062,0.0,0.021525000000000002,0.0,0.07608906070855587,0.07608906070855587
2023-04-15 12:36:04.003377,117.02442792263406,112.38536253194638,0.0,0.021525000000000002,0.0,0.05360944901766694,0.05360944901766694
2023-04-15 12:39:04.003377,116.20794986591022,110.49233201791903,0.0,0.021525000000000002,0.0,0.03619500681475408,0.03619500681475408
2023-04-15 12:42:04.003377,115.45642612906349,107.2595661029143,0.0,0.021525000000000002,0.0,0.023102329696516606,0.023102329696516606
2023-04-15 12:45:04.003377,114.76880565316021,103.1912467911223,0.0,0.021525000000000002,0.0,0.013636907344338051,0.013636907344338051
2023-04-15 12:48:04.003377,114.14399793023586,98.79151187726353,0.0,0.021525000000000002,0.0,0.007156597059295804,0.007156597059295804
2023-04-15 12:51:04.003377,113.58088718649685,94.56446916810324,0.0,0.021525000000000002,0.0,0.0030741775925227635,0.0030741775925227635
2023-04-15 12:54:04.003377,113.07834669568564,91.01421074270964,0.0,0.021525000000000002,0.0,0.0008590388102011329,0.0008590388102011329
2023-04-15 12:57:04.003377,112.63525357190946,88.64482757284281,0.0,0.021525000000000002,0.0,3.807328988860876e-05,3.807328988860876e-05
2023-04-15 13:00:04.003377,112.2505045086076,87.96042492974698,0.0,0.021525000000000002,0.00019584531764751383,0.0,0.00019584531764751383
2023-04-15 13:03:04.003377,111.92303310318844,89.38383244129493,0.0,0.021525000000000002,0.00097412121982989,0.0,0.00097412121982989
2023-04-15 13:06:04.003377,111.65182966677142,92.85008946119709,0.0,0.021525000000000002,0.0020708530562381596,0.0,0.0020708530562381596
2023-04-15 13:09:04.003377,111.43596481840535,97.56254720760266,0.0,0.021525000000000002,0.0032387163572922383,0.0,0.0032387163572922383
2023-04-15 13:12:04.003377,111.27461879482365,102.56204311179971,0.0,0.021525000000000002,0.00428331340284721,0.0,0.00428331340284721
2023-04-15 13:15:04.003377,111.16711943445962,106.88954923950857,0.0,0.021525000000000002,0.0050611692899396,0.0,0.0050611692899396
2023-04-15 13:18:04.003377,111.1129935238335,109.6752787294428,0.0,0.021525000000000002,0.005477673736587855,0.0,0.005477673736587855
2023-04-15 13:21:04.003377,111.11203922083247,110.58404946956213,0.0,0.021525000000000002,0.005485166746596444,0.0,0.005485166746596444
2023-04-15 13:24:04.003377,111.16443281397108,110.08255809127374,0.0,0.021525000000000002,0.005081450098263321,0.0,0.005081450098263321
2023-04-15 13:27:04.003377,111.27089380329983,108.81610686469665,0.0,0.021525000000000002,0.004309170392124342,0.0,0.004309170392124342
2023-04-15 13:30:04.003377,111.43295445334942,107.43071754560532,22.0,0.021525000000000002,0.003256859057655225,0.0,0.003256859057655225
2023-04-15 13:33:04.003377,111.68520127081864,106.54420653034313,0.0,2.221525,0.0019136861857280188,0.0,0.0019136861857280188
2023-04-15 13:36:04.003377,112.29597580236279,106.55883784746416,0.0,0.021525000000000002,0.0001347404160904268,0.0,0.0001347404160904268
2023-04-15 13:39:04.003377,113.19399887540905,107.3312043199396,0.0,0.021525000000000002,0.0,0.0012485087628306222,0.0012485087628306222
2023-04-15 13:42:04.003377,114.18618481372988,108.29047421487934,0.0,0.021525000000000002,0.0,0.007529889130699351,0.007529889130699351
2023-04-15 13:45:04.003377,115.20883385349168,108.96245669552552,0.0,0.021525000000000002,0.0,0.019414954083486636,0.019414954083486636
2023-04-15 13:48:04.003377,116.24262884051696,108.99468211997896,0.0,0.021525000000000002,0.0,0.036867560119263766,0.036867560119263766
2023-04-15 13:51:04.003377,117.25296935345753,108.33824899153953,0.0,0.021525000000000002,0.0,0.059070015518862456,0.059070015518862456
2023-04-15 13:54:04.003377,118.19264155546111,107.37208492367802,0.0,0.021525000000000002,0.0,0.08417041607590305,0.08417041607590305
2023-04-15 13:57:04.003377,119.03838556822367,106.58675166874386,0.0,0.021525000000000002,0.0,0.11034376397625345,0.11034376397625345
2023-04-15 14:00:04.003377,119.7853943678515,106.49479759264375,0.0,0.021525000000000002,0.0,0.13622425167810803,0.13622425167810803
2023-04-15 14:03:04.003377,120.4375792452374,107.55212581992889,0.0,0.021525000000000002,0.0,0.16089882915492487,0.16089882915492487
2023-04-15 14:06:04.003377,121.00232888533213,109.80885033105203,0.0,0.021525000000000002,0.0,0.18380588599632747,0.18380588599632747
2023-04-15 14:09:04.003377,121.48809318632945,112.70061057795405,0.0,0.021525000000000002,0.0,0.20463687880878562,0.20463687880878562
2023-04-15 14:12:04.003377,121.90332484396038,115.52641353140817,0.0,0.021525000000000002,0.0,0.22325996277486382,0.22325996277486382
2023-04-15 14:15:04.003377,122.25604284811482,117.58495749776924,0.0,0.021525000000000002,0.0,0.23966452669175925,0.23966452669175925
2023-04-15 14:18:04.003377,122.55367945196627,118.24911045334449,0.0,0.021525000000000002,0.0,0.25392183800551144,0.25392183800551144
2023-04-15 14:21:04.003377,122.80305495885437,117.33942105809007,0.0,0.021525000000000002,0.0,0.2661573188166342,0.2661573188166342
2023-04-15 14:24:04.003377,123.01040733738611,115.34827663812285,0.0,0.021525000000000002,0.0,0.27653101140498487,0.27653101140498487
2023-04-15 14:27:04.003377,123.18144201737994,112.91694423402497,0.0,0.021525000000000002,0.0,0.2852237603273313,0.2852237603273313
2023-04-15 14:30:04.003377,123.32138560320456,110.68619407102935,0.0,0.021525000000000002,0.0,0.2924273879845817,0.2924273879845817
2023-04-15 14:33:04.003377,123.43503628062268,109.24412441521767,0.0,0.021525000000000002,0.0,0.298337682157676,0.298337682157676
2023-04-15 14:36:04.003377,123.52680817591914,108.86507358319355,0.0,0.021525000000000002,0.0,0.30314939134696145,0.30314939134696145
2023-04-15 14:39:04.003377,123.60076911318649,109.35297924165187,0.0,0.021525000000000002,0.0,0.30705268065701685,0.30705268065701685
2023-04-15 14:42:04.003377,123.66067222371132,110.40700027739354,0.0,0.021525000000000002,0.0,0.31023067301320656,0.31023067301320656
2023-04-15 14:45:04.003377,123.70998226209517,111.72599862481087,0.0,0.021525000000000002,0.0,0.31285781429644144,0.31285781429644144
2023-04-15 14:48:04.003377,123.75189757724576,113.00856264918943,0.0,0.021525000000000002,0.0,0.31509887562193173,0.31509887562193173
2023-04-15 14:51:04.003377,123.78936863245283,113.9530267835965,0.0,0.021525000000000002,0.0,0.3171084547730113,0.3171084547730113
2023-04-15 14:54:04.003377,123.82511385243319,114.25748823805122,0.0,0.021525000000000002,0.0,0.3190308708202874,0.3190308708202874
2023-04-15 14:57:04.003377,123.86163344093922,113.6198214698463,0.0,0.021525000000000002,0.0,0.32100036730958037,0.32100036730958037
2023-04-15 15:00:04.003377,123.90122168251443,111.7376909717004,0.0,0.021525000000000002,0.0,0.3231415541090546,0.3231415541090546
2023-04-15 15:03:04.003377,123.94597812632074,110.53174622192114,0.0,0.021525000000000002,0.0,0.3255700286676794,0.3255700286676794
2023-04-15 15:06:04.003377,123.99781795218959,112.50344714985528,0.0,0.021525000000000002,0.0,0.3283931256950967,0.3283931256950967
2023-04-15 15:09:04.003377,124.05848173929041,114.1658246647252,0.0,0.021525000000000002,0.0,0.33171075113239723,0.33171075113239723
2023-04-15 15:12:04.003377,124.12954479454177,115.51671322222333,0.0,0.021525000000000002,0.0,0.3356162623319058,0.3356162623319058
2023-04-15 15:15:04.003377,124.21242614893637,116.55378801536017,0.0,0.021525000000000002,0.0,0.34019736192378475,0.34019736192378475
2023-04-15 15:18:04.003377,124.30839729299453,117.27457379430408,0.0,0.021525000000000002,0.0,0.34553697807587613,0.34553697807587613
2023-04-15 15:21:04.003377,124.41859069527328,117.67645345565785,0.0,0.021525000000000002,0.0,0.3517141087992435,0.3517141087992435
2023-04-15 15:24:04.003377,124.54400812878201,117.75667643201541,0.0,0.021525000000000002,0.0,0.35880461264847757,0.35880461264847757
2023-04-15 15:27:04.003377,124.68552881649472,117.51236689740537,0.0,0.021525000000000002,0.0,0.3668819325252243,0.3668819325252243
2023-04-15 15:30:04.003377,124.84391739919442,116.94053179426518,40.0,0.021525000000000002,0.0,0.3760177433785845,0.3760177433785845
2023-04-15 15:33:04.003377,125.02367550506807,116.05358938768333,0.0,4.021525,0.0,0.38650819028070577,0.38650819028070577
2023-04-15 15:36:04.003377,125.39246001099743,115.02657110452705,0.0,0.021525000000000002,0.0,0.40843381496967673,0.40843381496967673
2023-04-15 15:39:04.003377,126.06179359515754,114.20323301808887,0.0,0.021525000000000002,0.0,0.44960167670026985,0.44960167670026985
2023-04-15 15:42:04.003377,126.86370584513502,113.70460974054407,0.0,0.021525000000000002,0.0,0.501221373629519,0.501221373629519
2023-04-15 15:45:04.003377,127.71469100195768,113.61590800108496,0.0,0.021525000000000002,0.0,0.5586880152383656,0.5586880152383656
2023-04-15 15:48:04.003377,128.579579965724,114.07637154315077,0.0,0.021525000000000002,0.0,0.6198726394715749,0.6198726394715749
2023-04-15 15:51:04.003377,129.43753401329909,115.13500898024745,0.0,0.021525000000000002,0.0,0.6832779741084039,0.6832779741084039
2023-04-15 15:54:04.003377,130.27305134672605,116.67772526168704,0.0,0.021525000000000002,0.0,0.7475679332696115,0.7475679332696115
2023-04-15 15:57:04.003377,131.07421533379295,118.55651316277496,0.0,0.021525000000000002,0.0,0.8115245524165695,0.8115245524165695
2023-04-15 16:00:04.003377,131.83171848030912,120.62563061091221,0.0,0.021525000000000002,0.0,0.874036560157577,0.874036560157577
2023-04-15 16:03:04.003377,132.5136592718392,122.73218132278973,0.0,0.021525000000000002,0.0,0.9319797371338905,0.9319797371338905
2023-04-15 16:06:04.003377,133.07791642537373,124.72704112805224,0.0,0.021525000000000002,0.0,0.981098862370408,0.981098862370408
2023-04-15 16:09:04.003377,133.50460523151673,126.50783738450454,0.0,0.021525000000000002,0.0,1.018939992493897,1.018939992493897
2023-04-15 16:12:04.003377,133.7912788382348,128.0001834347537,0.0,0.021525000000000002,0.0,1.044697757383202,1.044697757383202
2023-04-15 16:15:04.003377,133.94439830996876,129.14135796752083,0.0,0.021525000000000002,0.0,1.0585648418282392,1.0585648418282392
2023-04-15 16:18:04.003377,133.9743568036634,129.88473561574952,0.0,0.021525000000000002,0.0,1.0612868608177752,1.0612868608177752
2023-04-15 16:21:04.003377,133.89297398060046,130.24979556528484,0.0,0.021525000000000002,0.0,1.0538992016451183,1.0538992016451183
2023-04-15 16:24:04.003377,133.71228132645615,130.3524843000486,0.0,0.021525000000000002,0.0,1.037573133802405,1.037573133802405
2023-04-15 16:27:04.003377,133.44394839672972,130.32986591380666,0.0,0.021525000000000002,0.0,1.013524251834323,1.013524251834323
2023-04-15 16:30:04.003377,133.09902712015932,130.31846139306884,0.0,0.021525000000000002,0.0,0.9829570175899388,0.9829570175899388
2023-04-15 16:33:04.003377,132.68785481423004,130.4371773190635,0.0,0.021525000000000002,0.0,0.9470308238147934,0.9470308238147934
2023-04-15 16:36:04.003377,132.2200358185085,130.70263019208835,0.0,0.021525000000000002,0.0,0.9068392617107323,0.9068392617107323
2023-04-15 16:39:04.003377,131.70446074083938,130.97837424725657,0.0,0.021525000000000002,0.0,0.8633977091091782,0.8633977091091782
2023-04-15 16:42:04.003377,131.14934216095384,131.09341972671538,0.0,0.021525000000000002,0.0,0.8176363057156927,0.8176363057156927
2023-04-15 16:45:04.003377,130.56225597917947,130.87612623838783,0.0,0.021525000000000002,0.0,0.7703965222181164,0.7703965222181164
2023-04-15 16:48:04.003377,129.95018307521232,130.17482296775495,0.0,0.021525000000000002,0.0,0.7224302102194893,0.7224302102194893
2023-04-15 16:51:04.003377,129.31954885186155,128.96074138796615,0.0,0.021525000000000002,0.0,0.67440042976124,0.67440042976124
2023-04-15 16:54:04.003377,128.67625976449673,127.38978825078414,0.0,0.021525000000000002,0.0,0.6268835986497233,0.6268835986497233
2023-04-15 16:57:04.003377,128.025736707984,125.6585306895546,0.0,0.021525000000000002,0.0,0.5803726566141167,0.5803726566141167
2023-04-15 17:00:04.003377,127.37294549244584,123.96307070288682,0.0,0.021525000000000002,0.0,0.535281026062797,0.535281026062797
2023-04-15 17:03:04.003377,126.72242477756782,122.48373201262783,0.0,0.021525000000000002,0.0,0.49194720357797816,0.49194720357797816
2023-04-15 17:06:04.003377,126.07831185880359,121.30837700605727,0.0,0.021525000000000002,0.0,0.45063984698783255,0.45063984698783255
2023-04-15 17:09:04.003377,125.44436666708086,120.38640559049698,0.0,0.021525000000000002,0.0,0.4115632410071784,0.4115632410071784
2023-04-15 17:12:04.003377,124.8239942891957,119.63617155858472,0.0,0.021525000000000002,0.0,0.37486303567879564,0.37486303567879564
2023-04-15 17:15:04.003377,124.22026625647794,118.97568809643778,0.0,0.021525000000000002,0.0,0.3406321596151777,0.3406321596151777
2023-04-15 17:18:04.003377,123.63594079332323,118.32264837186821,0.0,0.021525000000000002,0.0,0.3089168163806427,0.3089168163806427
2023-04-15 17:21:04.003377,123.07348216872509,117.59444517968726,0.0,0.021525000000000002,0.0,0.2797224784309864,0.2797224784309864
2023-04-15 17:24:04.003377,122.53507925422956,116.70818976042509,0.0,0.021525000000000002,0.0,0.25301979945152864,0.25301979945152864
2023-04-15 17:27:04.003377,122.0226633605844,115.58072987480244,0.0,0.021525000000000002,0.0,0.2287503729660784,0.2287503729660784
2023-04-15 17:30:04.003377,121.5379254019343,114.12866719030846,0.0,0.021525000000000002,0.0,0.20683227278077376,0.20683227278077376
2023-04-15 17:33:04.003377,121.08233241942553,112.68659330536167,0.0,0.021525000000000002,0.0,0.18716531909083592,0.18716531909083592
2023-04-15 17:36:04.003377,120.65714348499009,111.90169394178608,0.0,0.021525000000000002,0.0,0.169636022795481,0.169636022795481
2023-04-15 17:39:04.003377,120.26342499850625,111.46711181625446,0.0,0.021525000000000002,0.0,0.15412216949331561,0.15412216949331561
2023-04-15 17:42:04.003377,119.90206538841693,111.26264110410611,0.0,0.021525000000000002,0.0,0.14049701365930822,0.14049701365930822
2023-04-15 17:45:04.003377,119.5737892247408,111.16790743969614,0.0,0.021525000000000002,0.0,0.128633062367029,0.128633062367029
2023-04-15 17:48:04.003377,119.27917075465379,111.06238164408904,0.0,0.021525000000000002,0.0,0.11840543649201962,0.11840543649201962
2023-04-15 17:51:04.003377,119.01864687366458,110.82539288389759,0.0,0.021525000000000002,0.0,0.10969480544808119,0.10969480544808119
2023-04-15 17:54:04.003377,118.7925295495924,110.33614127703197,0.0,0.021525000000000002,0.0,0.10238989904811537,0.10238989904811537
2023-04-15 17:57:04.003377,118.60101772192169,109.47370996610232,0.0,0.021525000000000002,0.0,0.09638960695412219,0.09638960695412219
2023-04-15 18:00:04.003377,118.44420870563016,108.11707668635515,0.0,0.021525000000000002,0.0,0.09160468232733063,0.09160468232733063
2023-04-15 18:03:04.003377,118.32210913638232,106.17585494254766,0.0,0.021525000000000002,0.0,0.08795907168413053,0.08795907168413053
2023-04-15 18:06:04.003377,118.2346455033415,103.74395507830167,0.0,0.021525000000000002,0.0,0.08539089761562818,0.08539089761562818
2023-04-15 18:09:04.003377,118.18167432728217,101.1917848108038,0.0,0.021525000000000002,0.0,0.0838531249838109,0.0838531249838109
2023-04-15 18:12:04.003377,118.16299205595962,98.95114865670524,0.0,0.021525000000000002,0.0,0.0833139445513162,0.0833139445513162
2023-04-15 18:15:04.003377,118.17834476699272,97.45379753556374,0.0,0.021525000000000002,0.0,0.08375691086472264,0.08375691086472264
2023-04-15 18:18:04.003377,118.2274377925823,97.08510532974964,0.0,0.021525000000000002,0.0,0.08518087377978996,0.08518087377978996
2023-04-15 18:21:04.003377,118.30994541283121,97.952413116039,0.0,0.021525000000000002,0.0,0.08759974555047645,0.08759974555047645
2023-04-15 18:24:04.003377,118.42552080918779,99.74603976529771,0.0,0.021525000000000002,0.0,0.09104214826598296,0.09104214826598296
2023-04-15 18:27:04.003377,118.57380653264295,102.06362383685311,0.0,0.021525000000000002,0.0,0.09555099013285084,0.09555099013285084
2023-04-15 18:30:04.003377,118.75444583221844,104.5028007812119,0.0,0.021525000000000002,0.0,0.10118302443200072,0.10118302443200072
2023-04-15 18:33:04.003377,118.96709532309387,106.680127164201,0.0,0.021525000000000002,0.0,0.10800845311102981,0.10800845311102981
2023-04-15 18:36:04.003377,119.21143967518768,108.32565475639714,0.0,0.021525000000000002,0.0,0.11611064976854837,0.11611064976854837
2023-04-15 18:39:04.003377,119.48720931383643,109.33968325380656,0.0,0.021525000000000002,0.0,0.12558609732952486,0.12558609732952486
2023-04-15 18:42:04.003377,119.79420261688237,109.66039678593683,0.0,0.021525000000000002,0.0,0.13654466926952988,0.13654466926952988
2023-04-15 18:45:04.003377,120.13231489739209,109.22606651737277,0.0,0.021525000000000002,0.0,0.14911043921246991,0.14911043921246991
2023-04-15 18:48:04.003377,120.50157782259794,108.00762638491051,0.0,0.021525000000000002,0.0,0.16342329955991158,0.16342329955991158
2023-04-15 18:51:04.003377,120.9022153161919,106.17142291406765,0.0,0.021525000000000002,0.0,0.17964183954906277,0.17964183954906277
2023-04-15 18:54:04.003377,121.33472641267655,104.17690850793491,0.0,0.021525000000000002,0.0,0.19794824684949913,0.19794824684949913
2023-04-15 18:57:04.003377,121.80001415914127,102.5489749157261,0.0,0.021525000000000002,0.0,0.21855660818561473,0.21855660818561473
2023-04-15 19:00:04.003377,122.29959767099469,101.81305655317061,0.0,0.021525000000000002,0.0,0.24172725727968555,0.24172725727968555
2023-04-15 19:03:04.003377,122.83598534836298,102.43107793502631,0.0,0.021525000000000002,0.0,0.2677926977643359,0.2677926977643359
2023-04-15 19:06:04.003377,123.41339062328507,104.480201612777,0.0,0.021525000000000002,0.0,0.2972078756496472,0.2972078756496472
2023-04-15 19:09:04.003377,124.03927222730007,107.46097285758418,0.0,0.021525000000000002,0.0,0.33065857595995674,0.33065857595995674
2023-04-15 19:12:04.003377,124.7282357568451,110.75099407956225,0.0,0.021525000000000002,0.0,0.3693353137027033,0.3693353137027033
2023-04-15 19:15:04.003377,125.51434507561659,113.74307446902341,0.0,0.021525000000000002,0.0,0.41579908041283925,0.41579908041283925
2023-04-15 19:18:04.003377,126.48519203636687,115.93015820503021,0.0,0.021525000000000002,0.0,0.4765468296479527,0.4765468296479527
2023-04-15 19:21:04.003377,127.73181015857384,117.18904852588248,0.0,0.021525000000000002,0.0,0.5598720837180623,0.5598720837180623
2023-04-15 19:24:04.003377,129.15735088464876,117.82705280786766,0.0,0.021525000000000002,0.0,0.6622780981164651,0.6622780981164651
2023-04-15 19:27:04.003377,130.5940745698352,118.13631776942759,0.0,0.021525000000000002,0.0,0.7729260491592449,0.7729260491592449
2023-04-15 19:30:04.003377,131.94779317147618,118.44128823195203,0.0,0.021525000000000002,0.0,0.8837884352208875,0.8837884352208875
2023-04-15 19:33:04.003377,133.19103910943295,119.10863477789655,0.0,0.021525000000000002,0.0,0.9910730098529654,0.9910730098529654
2023-04-15 19:36:04.003377,134.32918678662267,120.35495444250083,0.0,0.021525000000000002,0.0,1.093746309633623,1.093746309633623
2023-04-15 19:39:04.003377,135.37916527928846,122.12334944927096,0.0,0.021525000000000002,0.0,1.192144339872713,1.192144339872713
2023-04-15 19:42:04.003377,136.3596423002661,124.29673056544856,0.0,0.021525000000000002,0.0,1.2871387059459618,1.2871387059459618
2023-04-15 19:45:04.003377,137.28731408298788,126.75706761377864,0.0,0.021525000000000002,0.0,1.3797190298830935,1.3797190298830935
2023-04-15 19:48:04.003377,138.175913837702,129.38360968420886,0.0,0.021525000000000002,0.0,1.4708108277558,1.4708108277558
2023-04-15 19:51:04.003377,139.03628584861616,132.05265889050227,0.0,0.021525000000000002,0.0,1.5612107216870927,1.5612107216870927
2023-04-15 19:54:04.003377,139.87680423956476,134.63789755634113,0.0,0.021525000000000002,0.0,1.6515751522486246,1.6515751522486246
2023-04-15 19:57:04.003377,140.70384767124906,137.0108533814418,0.0,0.021525000000000002,0.0,1.7424310703145798,1.7424310703145798
2023-04-15 20:00:04.003377,141.52222737707746,139.04134613960497,0.0,0.021525000000000002,0.0,1.8341939385260635,1.8341939385260635
2023-04-15 20:03:04.003377,142.33554152658888,139.55575668224444,0.0,0.021525000000000002,0.0,1.9271866114918472,1.9271866114918472
2023-04-15 20:06:04.003377,143.14645726152187,138.2471589174554,0.0,0.021525000000000002,0.0,2.021656535189703,2.021656535189703
2023-04-15 20:09:04.003377,143.95693074971715,138.7130363030199,0.0,0.021525000000000002,0.0,2.117790461904037,2.117790461904037
2023-04-15 20:12:04.003377,144.76837708692995,140.55291307855128,0.0,0.021525000000000002,0.0,2.215726634861947,2.215726634861947
2023-04-15 20:15:04.003377,145.58180073140525,143.3658608138265,0.0,0.021525000000000002,0.0,2.31556469316569,2.31556469316569
2023-04-15 20:18:04.003377,146.39789532125073,146.75060810539088,0.0,0.021525000000000002,0.0,2.4173736361252587,2.4173736361252587
2023-04-15 20:21:04.003377,147.21711992010083,150.30562442093122,0.0,0.021525000000000002,0.0,2.5211981851294896,2.5211981851294896
2023-04-15 20:24:04.003377,148.03975718961425,153.62918409496277,0.0,0.021525000000000002,0.0,2.6270638454893285,2.6270638454893285
2023-04-15 20:27:04.003377,148.86595773559972,156.31941512858143,0.0,0.021525000000000002,0.0,2.73498092500862,2.73498092500862
2023-04-15 20:30:04.003377,149.69577388954355,157.97433637344574,0.0,0.021525000000000002,0.0,2.844947721094264,2.844947721094264
2023-04-15 20:33:04.003377,150.52918542321336,158.25091672350658,0.0,0.021525000000000002,0.0,2.9569530481733706,2.9569530481733706
2023-04-15 20:36:04.003377,151.3661191057893,157.1602510514398,0.0,0.021525000000000002,0.0,3.0709782432112736,3.0709782432112736
2023-04-15 20:39:04.003377,152.2064635619968,155.24466921779353,0.0,0.021525000000000002,0.0,3.1869987590823112,3.1869987590823112
2023-04-15 20:42:04.003377,153.05008054473228,153.16453234310703,0.0,0.021525000000000002,0.0,3.304985432785725,3.304985432785725
2023-04-15 20:45:04.003377,153.89681347209722,151.5801804672201,0.0,0.021525000000000002,0.0,3.4249054972237625,3.4249054972237625
2023-04-15 20:48:04.003377,154.74649387750142,151.08682677994614,0.0,0.021525000000000002,0.0,3.546723390692352,3.546723390692352
2023-04-15 20:51:04.003377,155.59894626788952,151.88899853479356,0.0,0.021525000000000002,0.0,3.6704014066824326,3.6704014066824326
2023-04-15 20:54:04.003377,156.45399176791196,153.6052024097976,0.0,0.021525000000000002,0.0,3.79590021746047,3.79590021746047
2023-04-15 20:57:04.003377,157.3114508384268,155.7237177639622,0.0,0.021525000000000002,0.0,3.923179297707512,3.923179297707512
2023-04-15 21:00:04.003377,158.17114528943608,157.73282466019046,0.0,0.021525000000000002,0.0,4.05219726883607,4.05219726883607
2023-04-15 21:03:04.003377,159.03289975549487,159.16244883547748,60.0,0.021525000000000002,0.0,4.182912180168032,4.182912180168032
2023-04-15 21:06:04.003377,159.897057309,159.79284187495165,0.0,6.429391666666667,0.0,4.315361006909469,4.315361006909469
2023-04-15 21:09:04.003377,160.78190464336106,159.79052842932137,0.0,0.021525000000000002,0.0,4.452375358165756,4.452375358165756
2023-04-15 21:12:04.003377,161.74734052374916,159.43695197113038,0.0,0.021525000000000002,0.0,4.603446798762457,4.603446798762457
2023-04-15 21:15:04.003377,162.82383994108946,159.01582849546065,0.0,0.021525000000000002,0.0,4.773799230434762,4.773799230434762
2023-04-15 21:18:04.003377,163.985792235387,158.74387118238275,0.0,0.021525000000000002,0.0,4.959873446076663,4.959873446076663
2023-04-15 21:21:04.003377,165.18830982764325,158.71868578640093,0.0,0.021525000000000002,0.0,5.154789319100786,5.154789319100786
2023-04-15 21:24:04.003377,166.38790094172722,158.90473364597403,0.0,0.021525000000000002,0.0,5.351548178308004,5.351548178308004
2023-04-15 21:27:04.003377,167.5480845804859,159.24345910906055,0.0,0.021525000000000002,0.0,5.543989862272762,5.543989862272762
2023-04-15 21:30:04.003377,168.6402579427776,159.68402656366067,0.0,0.021525000000000002,0.0,5.727032459168749,5.727032459168749
2023-04-15 21:33:04.003377,169.6431837160717,160.18337926881134,0.0,0.021525000000000002,0.0,5.896688342376408,5.896688342376408
2023-04-15 21:36:04.003377,170.54206259228198,160.70643652461834,0.0,0.021525000000000002,0.0,6.04999459468381,6.04999459468381
2023-04-15 21:39:04.003377,171.32752344456415,161.22570934499976,0.0,0.021525000000000002,0.0,6.184907029053104,6.184907029053104
2023-04-15 21:42:04.003377,171.9953983915643,161.71918397624364,0.0,0.021525000000000002,0.0,6.300308107679282,6.300308107679282
2023-04-15 21:45:04.003377,172.53040447113034,162.16033802096177,0.0,0.021525000000000002,0.0,6.393199100867044,6.393199100867044
2023-04-15 21:48:04.003377,172.89454098669154,162.50601677395343,0.0,0.021525000000000002,0.0,6.4566481626836385,6.4566481626836385
2023-04-15 21:51:04.003377,173.06613844785764,162.72977245595513,0.0,0.021525000000000002,0.0,6.4866110397120105,6.4866110397120105
2023-04-15 21:54:04.003377,173.04369742335612,162.85065123286273,0.0,0.021525000000000002,0.0,6.482690300977628,6.482690300977628
2023-04-15 21:57:04.003377,172.836815845375,162.9072873576802,0.0,0.021525000000000002,0.0,6.446577721718075,6.446577721718075
2023-04-15 22:00:04.003377,172.46009170424196,162.94518929296467,0.0,0.021525000000000002,0.0,6.380968402443452,6.380968402443452
2023-04-15 22:03:04.003377,171.92994257719175,163.00440703345137,0.0,0.021525000000000002,0.0,6.288970524931564,6.288970524931564
2023-04-15 22:06:04.003377,171.26304164051555,163.07631810404803,0.0,0.021525000000000002,0.0,6.173798496394548,6.173798496394548
2023-04-15 22:09:04.003377,170.4755693762665,163.0779378761656,0.0,0.021525000000000002,0.0,6.0386140138678215,6.0386140138678215
2023-04-15 22:12:04.003377,169.58287269377223,162.90908328019225,0.0,0.021525000000000002,0.0,5.886444185396921,5.886444185396921
2023-04-15 22:15:04.003377,168.59932894950865,162.4686400901099,0.0,0.021525000000000002,0.0,5.720140570497194,5.720140570497194
2023-04-15 22:18:04.003377,167.5383130444583,161.65449910144469,0.0,0.021525000000000002,0.0,5.5423603735085525,5.5423603735085525
2023-04-15 22:21:04.003377,166.41221535438018,160.3635588925378,0.0,0.021525000000000002,0.0,5.35555978762051,5.35555978762051
2023-04-15 22:24:04.003377,165.23248332141094,158.49176045589763,0.0,0.021525000000000002,0.0,5.161994046106958,5.161994046106958
2023-04-15 22:27:04.003377,164.00967257317126,155.93413562395685,0.0,0.021525000000000002,0.0,4.963721183992965,4.963721183992965
2023-04-15 22:30:04.003377,162.75350035473238,152.58485997551972,0.0,0.021525000000000002,0.0,4.762607858052349,4.762607858052349
2023-04-15 22:33:04.003377,161.47289776565623,149.9232573479354,0.0,0.021525000000000002,0.0,4.56033632196653,4.56033632196653
2023-04-15 22:36:04.003377,160.1760592723844,149.98428155919274,0.0,0.021525000000000002,0.0,4.358412071320129,4.358412071320129
2023-04-15 22:39:04.003377,158.870488999374,150.56965882117842,22.0,0.021525000000000002,0.0,4.158171903542035,4.158171903542035
2023-04-15 22:42:04.003377,157.69129512055832,151.56440699900958,0.0,2.4598333333333335,0.0,3.980011956810072,3.980011956810072
2023-04-15 22:45:04.003377,156.96636043530296,152.99750346446154,0.0,0.021525000000000002,0.0,3.871784933505647,3.871784933505647
2023-04-15 22:48:04.003377,156.4640009320434,154.67751104631233,0.0,0.021525000000000002,0.0,3.7973777671400946,3.7973777671400946
2023-04-15 22:51:04.003377,156.0129693446534,156.1552478498623,0.0,0.021525000000000002,0.0,3.730990403128711,3.730990403128711
2023-04-15 22:54:04.003377,155.56553159756774,157.13954689391744,0.0,0.021525000000000002,0.0,3.6655261864665794,3.6655261864665794
2023-04-15 22:57:04.003377,155.10561377343063,157.39705188067788,0.0,0.021525000000000002,0.0,3.59864926145871,3.59864926145871
2023-04-15 23:00:04.003377,154.59474478509358,156.69135478918878,0.0,0.021525000000000002,0.0,3.524859714076774,3.524859714076774
2023-04-15 23:03:04.003377,153.99763214260653,154.81987179918258,0.0,0.021525000000000002,0.0,3.439282773409877,3.439282773409877
2023-04-15 23:06:04.003377,153.30210494271512,151.87308011521048,0.0,0.021525000000000002,0.0,3.3405232708891393,3.3405232708891393
2023-04-15 23:09:04.003377,152.51011832415017,148.36999228804999,0.0,0.021525000000000002,0.0,3.229294027491132,3.229294027491132
2023-04-15 23:12:04.003377,151.62997270207708,144.9296668266241,0.0,0.021525000000000002,0.0,3.1072428305024506,3.1072428305024506
2023-04-15 23:15:04.003377,150.6723191034203,142.17470151083032,0.0,0.021525000000000002,0.0,2.9763447455703593,2.9763447455703593
2023-04-15 23:18:04.003377,149.64830811050933,140.67320460568067,0.0,0.021525000000000002,0.0,2.838615460349404,2.838615460349404
2023-04-15 23:21:04.003377,148.56876991073483,140.66000295755398,0.0,0.021525000000000002,0.0,2.6959807118800203,2.6959807118800203
2023-04-15 23:24:04.003377,147.4438764461233,141.86956162262373,0.0,0.021525000000000002,0.0,2.5502199416047806,2.5502199416047806
2023-04-15 23:27:04.003377,146.28302853763333,143.92453798560328,0.0,0.021525000000000002,0.0,2.4029454508800385,2.4029454508800385
2023-04-15 23:30:04.003377,145.0948466313325,146.4468087086045,0.0,0.021525000000000002,0.0,2.2555985348825303,2.2555985348825303
2023-04-15 23:33:04.003377,143.88720680396,149.07739543803802,0.0,0.021525000000000002,0.0,2.1094535515528734,2.1094535515528734
2023-04-15 23:36:04.003377,142.66729370375026,151.57602722927186,0.0,0.021525000000000002,0.0,1.9656254651843437,1.9656254651843437
2023-04-15 23:39:04.003377,141.4416568738912,153.8809047032885,0.0,0.021525000000000002,0.0,1.8250786906669445,1.8250786906669445
2023-04-15 23:42:04.003377,140.21626432648776,155.96943489007575,0.0,0.021525000000000002,0.0,1.6886362274708087,1.6886362274708087
2023-04-15 23:45:04.003377,138.99655098074155,157.81847578306238,0.0,0.021525000000000002,0.0,1.5569886641512019,1.5569886641512019
2023-04-15 23:48:04.003377,137.787461434829,159.3973517776223,0.0,0.021525000000000002,0.0,1.43070292690154,1.43070292690154
2023-04-15 23:51:04.003377,136.5934874091285,160.6327466989094,0.0,0.021525000000000002,0.0,1.310230779874482,1.310230779874482
2023-04-15 23:54:04.003377,135.41870055043736,161.3876504197319,0.0,0.021525000000000002,0.0,1.195917135474283,1.195917135474283
2023-04-15 23:57:04.003377,134.26678137442423,161.51059370651967,0.0,0.021525000000000002,0.0,1.0880082403846494,1.0880082403846494
2023-04-16 00:00:04.003377,133.14104508271856,160.8497335208451,0.0,0.021525000000000002,0.0,0.9866597902034788,0.9866597902034788
2023-04-16 00:03:04.003377,132.04446489498054,159.2716537799671,0.0,0.021525000000000002,0.0,0.8919450045528203,0.8919450045528203
2023-04-16 00:06:04.003377,130.97969342375328,156.75527048420977,0.0,0.021525000000000002,0.0,0.8038626720664912,0.8038626720664912
2023-04-16 00:09:04.003377,129.94908251046155,153.44818192229818,0.0,0.021525000000000002,0.0,0.7223451541557799,0.7223451541557799
2023-04-16 00:12:04.003377,128.9547018435954,149.53525131626512,0.0,0.021525000000000002,0.0,0.6472663195037047,0.6472663195037047
2023-04-16 00:15:04.003377,127.99835659813417,145.20107153055736,0.0,0.021525000000000002,0.0,0.5784493684050642,0.5784493684050642
2023-04-16 00:18:04.003377,127.08160426884712,140.63791013200836,0.0,0.021525000000000002,0.0,0.5156744973482997,0.5156744973482997
2023-04-16 00:21:04.003377,126.20577081797762,136.08536558291362,0.0,0.021525000000000002,0.0,0.45868634932545815,0.45868634932545815
2023-04-16 00:24:04.003377,125.37196621810256,131.85416687531858,0.0,0.021525000000000002,0.0,0.4072011938109482,0.4072011938109482
2023-04-16 00:27:04.003377,124.58109944162231,128.2706929534179,0.0,0.021525000000000002,0.0,0.36091378166475147,0.36091378166475147
2023-04-16 00:30:04.003377,123.83389292747223,125.66113142496323,0.0,0.021525000000000002,0.0,0.3195038238778674,0.3195038238778674
2023-04-16 00:33:04.003377,123.130896541613,124.31082129513265,0.0,0.021525000000000002,0.0,0.28264204859526026,0.28264204859526026
2023-04-16 00:36:04.003377,122.47250103886009,124.26090962035745,0.0,0.021525000000000002,0.0,0.24999579774047648,0.24999579774047648
2023-04-16 00:39:04.003377,121.85895102914301,125.18635045530985,0.0,0.021525000000000002,0.0,0.22123413243987392,0.22123413243987392
2023-04-16 00:42:04.003377,121.29035744956613,126.68061725321215,0.0,0.021525000000000002,0.0,0.19603242487284656,0.19603242487284656
2023-04-16 00:45:04.003377,120.76670954451271,128.33705779944333,0.0,0.021525000000000002,0.0,0.17407642285334013,0.17407642285334013
2023-04-16 00:48:04.003377,120.28788635868733,129.74890586676509,0.0,0.021525000000000002,0.0,0.15506578207086585,0.15506578207086585
2023-04-16 00:51:04.003377,119.85366775208826,130.50929238932747,0.0,0.021525000000000002,0.0,0.13871706924307958,0.13871706924307958
2023-04-16 00:54:04.003377,119.46374495120324,130.2112561679363,0.0,0.021525000000000002,0.0,0.1247662472588612,0.1247662472588612
2023-04-16 00:57:04.003377,119.11773065713302,128.4477541251105,0.0,0.021525000000000002,0.0,0.11297066056867022,0.11297066056867022
2023-04-16 01:00:04.003377,118.81516873892532,124.8116711356432,0.0,0.021525000000000002,0.0,0.10311054550319602,0.10311054550319602
2023-04-16 01:03:04.003377,118.55554354936075,122.80445395385914,0.0,0.021525000000000002,0.0,0.09499009581355972,0.09499009581355972
2023-04-16 01:06:04.003377,118.33828891119066,126.42557207833585,0.0,0.021525000000000002,0.0,0.08843811851438309,0.08843811851438309
2023-04-16 01:09:04.003377,118.16279683505095,128.66899101866386,0.0,0.021525000000000002,0.0,0.08330831911035932,0.08330831911035932
2023-04-16 01:12:04.003377,118.02842604699146,129.7944124689937,0.0,0.021525000000000002,0.0,0.07947925858264782,0.07947925858264782
2023-04-16 01:15:04.003377,117.93451042529972,130.0615104670503,0.0,0.021525000000000002,0.0,0.0768540272449507,0.0768540272449507
2023-04-16 01:18:04.003377,117.88036747536634,129.72993985164464,0.0,0.021525000000000002,0.0,0.07535968295958245,0.07535968295958245
2023-04-16 01:21:04.003377,117.865307011217,129.05934486921325,0.0,0.021525000000000002,0.0,0.0749465035306898,0.0749465035306898
2023-04-16 01:24:04.003377,117.88864026838063,128.30936813480304,0.0,0.021525000000000002,0.0,0.07558710579226602,0.07558710579226602
2023-04-16 01:27:04.003377,117.9496897533624,127.7396602250382,0.0,0.021525000000000002,0.0,0.07727548760807579,0.07727548760807579
2023-04-16 01:30:04.003377,118.04780025357462,127.60989028606355,0.0,0.021525000000000002,0.0,0.0800260546423738,0.0800260546423738
2023-04-16 01:33:04.003377,118.18235161019334,128.14607970172563,0.0,0.021525000000000002,0.0,0.08387270282447389,0.08387270282447389
2023-04-16 01:36:04.003377,118.35277413226426,129.37222411826272,0.0,0.021525000000000002,0.0,0.08886804233564598,0.08886804233564598
2023-04-16 01:39:04.003377,118.55856796825586,131.00927596369527,0.0,0.021525000000000002,0.0,0.09508287381225392,0.09508287381225392
2023-04-16 01:42:04.003377,118.79932846799653,132.71091721117747,0.0,0.021525000000000002,0.0,0.10260606960438051,0.10260606960438051
2023-04-16 01:45:04.003377,119.07478078289068,134.13094777894227,0.0,0.021525000000000002,0.0,0.11154508595831573,0.11154508595831573
2023-04-16 01:48:04.003377,119.38482909680297,134.9612061062115,0.0,0.021525000000000002,0.0,0.1220274624583406,0.1220274624583406
2023-04-16 01:51:04.003377,119.72962984907767,135.12101609282476,0.0,0.021525000000000002,0.0,0.1342039077561756,0.1342039077561756
2023-04-16 01:54:04.003377,120.10970608444177,134.87091639757188,0.0,0.021525000000000002,0.0,0.1482540461139101,0.1482540461139101
2023-04-16 01:57:04.003377,120.52613636966595,134.54768860868367,0.0,0.021525000000000002,0.0,0.16439689425272003,0.16439689425272003
2023-04-16 02:00:04.003377,120.98088895976628,134.48888806956555,0.0,0.021525000000000002,0.0,0.1829104015477082,0.1829104015477082
2023-04-16 02:03:04.003377,121.47746673046963,134.9925827847133,0.0,0.021525000000000002,0.0,0.20417012392730893,0.20417012392730893
2023-04-16 02:06:04.003377,122.02230699490127,136.11450164064198,0.0,0.021525000000000002,0.0,0.2287338862629014,0.2287338862629014
2023-04-16 02:09:04.003377,122.628370837665,137.54847459918713,0.0,0.021525000000000002,0.0,0.25755888367780544,0.25755888367780544
2023-04-16 02:12:04.003377,123.32661449852759,138.92076406164347,0.0,0.021525000000000002,0.0,0.29269813087433905,0.29269813087433905
2023-04-16 02:15:04.003377,124.19590939441855,139.89346294132852,0.0,0.021525000000000002,0.0,0.33928219419997085,0.33928219419997085
2023-04-16 02:18:04.003377,125.30841434588326,140.2038557635883,0.0,0.021525000000000002,0.0,0.40338939074627905,0.40338939074627905
2023-04-16 02:21:04.003377,126.57079488025958,139.84433666737363,0.0,0.021525000000000002,0.0,0.4820789083131327,0.4820789083131327
2023-04-16 02:24:04.003377,127.8402335856825,139.2347239684967,0.0,0.021525000000000002,0.0,0.5673967918120443,0.5673967918120443
2023-04-16 02:27:04.003377,129.03961428956333,138.94842515174156,0.0,0.021525000000000002,0.0,0.6535383100022502,0.6535383100022502
2023-04-16 02:30:04.003377,130.1475624108357,139.6222789413752,0.0,0.021525000000000002,0.0,0.7377538980906064,0.7377538980906064
2023-04-16 02:33:04.003377,131.16955431182666,141.84297067122404,0.0,0.021525000000000002,0.0,0.8192839392474554,0.8192839392474554
2023-04-16 02:36:04.003377,132.12028907871013,145.69186709377772,,,0.0,0.8983646737054143,0.8983646737054143
